{
  "models": {
    "Logistic Regression": {
      "model_name": "Logistic Regression",
      "accuracy": 0.8617886178861789,
      "precision": 0.84,
      "recall": 0.9882352941176471,
      "f1_score": 0.9081081081081082,
      "roc_auc": 0.8213622291021672,
      "cv_mean": 0.7963306534735106,
      "cv_std": 0.018272230889833003,
      "training_time": 0.0038909912109375,
      "avg_prediction_time": 6.441178360605627e-06,
      "confusion_matrix": [
        [
          22,
          16
        ],
        [
          1,
          84
        ]
      ],
      "total_params": 17,
      "brier_score": 0.1810942450212446,
      "brier_score_calibrated": 0.16477665171019668
    },
    "Random Forest": {
      "accuracy": 0.8862,
      "precision": 0.8901,
      "recall": 0.9529,
      "f1_score": 0.9205,
      "avg_prediction_time": 1.0000000000000001e-05,
      "params": {
        "bootstrap": true,
        "ccp_alpha": 0.0,
        "class_weight": null,
        "criterion": "gini",
        "max_depth": 8,
        "max_features": null,
        "max_leaf_nodes": null,
        "max_samples": null,
        "min_impurity_decrease": 0.0,
        "min_samples_leaf": 4,
        "min_samples_split": 10,
        "min_weight_fraction_leaf": 0.0,
        "monotonic_cst": null,
        "n_estimators": 200,
        "n_jobs": -1,
        "oob_score": false,
        "random_state": 42,
        "verbose": 0,
        "warm_start": false
      }
    },
    "Gradient Boosting": {
      "model_name": "Gradient Boosting",
      "accuracy": 0.7967479674796748,
      "precision": 0.8409090909090909,
      "recall": 0.8705882352941177,
      "f1_score": 0.8554913294797688,
      "roc_auc": 0.7857585139318886,
      "cv_mean": 0.7454133168418883,
      "cv_std": 0.04133623347988327,
      "training_time": 0.23852944374084473,
      "avg_prediction_time": 1.3064562789792937e-05,
      "confusion_matrix": [
        [
          24,
          14
        ],
        [
          11,
          74
        ]
      ],
      "total_params": 100,
      "brier_score": 0.49113936742299164,
      "brier_score_calibrated": 0.18704598418375715
    },
    "Support Vector Machine": {
      "model_name": "Support Vector Machine",
      "accuracy": 0.6910569105691057,
      "precision": 0.6910569105691057,
      "recall": 1.0,
      "f1_score": 0.8173076923076923,
      "roc_auc": 0.48606811145510836,
      "cv_mean": 0.6843125128839415,
      "cv_std": 0.006578967939305635,
      "training_time": 0.032828569412231445,
      "avg_prediction_time": 2.8210926831253176e-05,
      "confusion_matrix": [
        [
          0,
          38
        ],
        [
          0,
          85
        ]
      ],
      "total_params": "N/A",
      "brier_score": 0.2151647120163022,
      "brier_score_calibrated": 0.21491623760792025
    }
  },
  "best_model": "Random Forest",
  "best_accuracy": 0.8862,
  "feature_count": 17,
  "training_date": "2026-01-03T18:51:45.223427",
  "ensemble_weights": {
    "random_forest": 0.26649746192893403,
    "logistic_regression": 0.2690355329949239,
    "gradient_boosting": 0.2487309644670051,
    "support_vector_machine": 0.21573604060913706
  }
}