{
  "models": {
    "Random Forest": {
      "model_name": "Random Forest",
      "accuracy": 0.8536585365853658,
      "precision": 0.8602150537634409,
      "recall": 0.9411764705882353,
      "f1_score": 0.898876404494382,
      "roc_auc": 0.8452012383900929,
      "cv_mean": 0.7800247371675944,
      "cv_std": 0.017960657280365635,
      "training_time": 0.15332555770874023,
      "avg_prediction_time": 0.00023701908142586064,
      "confusion_matrix": [
        [
          25,
          13
        ],
        [
          5,
          80
        ]
      ],
      "total_params": 100,
      "brier_score": 0.23033455315379148,
      "brier_score_calibrated": 0.13259682731029998
    },
    "Logistic Regression": {
      "model_name": "Logistic Regression",
      "accuracy": 0.8617886178861789,
      "precision": 0.84,
      "recall": 0.9882352941176471,
      "f1_score": 0.9081081081081082,
      "roc_auc": 0.8213622291021672,
      "cv_mean": 0.7963306534735106,
      "cv_std": 0.018272230889833003,
      "training_time": 0.0038909912109375,
      "avg_prediction_time": 6.441178360605627e-06,
      "confusion_matrix": [
        [
          22,
          16
        ],
        [
          1,
          84
        ]
      ],
      "total_params": 17,
      "brier_score": 0.1810942450212446,
      "brier_score_calibrated": 0.16477665171019668
    },
    "Gradient Boosting": {
      "model_name": "Gradient Boosting",
      "accuracy": 0.7967479674796748,
      "precision": 0.8409090909090909,
      "recall": 0.8705882352941177,
      "f1_score": 0.8554913294797688,
      "roc_auc": 0.7857585139318886,
      "cv_mean": 0.7454133168418883,
      "cv_std": 0.04133623347988327,
      "training_time": 0.23852944374084473,
      "avg_prediction_time": 1.3064562789792937e-05,
      "confusion_matrix": [
        [
          24,
          14
        ],
        [
          11,
          74
        ]
      ],
      "total_params": 100,
      "brier_score": 0.49113936742299164,
      "brier_score_calibrated": 0.18704598418375715
    },
    "Support Vector Machine": {
      "model_name": "Support Vector Machine",
      "accuracy": 0.6910569105691057,
      "precision": 0.6910569105691057,
      "recall": 1.0,
      "f1_score": 0.8173076923076923,
      "roc_auc": 0.48606811145510836,
      "cv_mean": 0.6843125128839415,
      "cv_std": 0.006578967939305635,
      "training_time": 0.032828569412231445,
      "avg_prediction_time": 2.8210926831253176e-05,
      "confusion_matrix": [
        [
          0,
          38
        ],
        [
          0,
          85
        ]
      ],
      "total_params": "N/A",
      "brier_score": 0.2151647120163022,
      "brier_score_calibrated": 0.21491623760792025
    }
  },
  "best_model": "Logistic Regression",
  "best_accuracy": 0.8617886178861789,
  "feature_count": 17,
  "training_date": "2026-01-03T18:51:45.223427",
  "ensemble_weights": {
    "random_forest": 0.26649746192893403,
    "logistic_regression": 0.2690355329949239,
    "gradient_boosting": 0.2487309644670051,
    "support_vector_machine": 0.21573604060913706
  }
}